{
	"services": [
		{
			"service_id": "242",
			"service_name": "Agora RTC",
			"service_icon": "https://download.cocos.com/CocosUdc/client/0ed3b350b5/273952d155b4cdb72d2b1bc61de91ade.png",
			"service_desc": "稳定、低耗、76ms超低延时、全球200+数据中心覆盖；变声器、超高音质、听声辩位等丰富玩法极速接入；全平台支持：Android、iOS、Web。",
			"service_title": "游戏内置实时音视频",
			"service_guide_url": "https://service.cocos.com/document/zh/agora.html",
			"service_sample_url": "https://github.com/AgoraIO-Community/Agora-Cocos-Quickstart/tree/master/CocosCreator",
			"service_dev_url": "https://service.cocos.com/serviceConsole/jump?client_id=242&app_id=<app_id>&language=zh",
			"service_type": "3",
			"service_type_zh": "公司和个人游戏",
			"support_platform": [
				"安卓",
				"iOS",
				"H5"
			],
			"package_download_url": "https://download.cocos.com/CocosUdc/plugins/service-agora/1.3.2_3.4.6_3.6.2.zip",
			"package_version_desc": "<p><strong>更新日期：</strong> 2021/08/19<br />\n<strong>更新说明：</strong><br />\n修复iOS15不兼容问题<br />\n",
			"service_component_name": "service-agora",
			"package_versions": [
				"1.0.1_2.2.3.20_2.5.2",
				"1.0.2_2.2.3.20_2.5.2",
				"1.1.0_2.2.3.20_2.5.2",
				"1.2.1_3.1.2",
				"1.3.1_3.1",
				"1.3.2_3.4.6_3.6.2"
			],
			"build_platform": [],
			"require_verify": 1,
			"service_price": "该服务按使用量计费，为开发者提供一定的免费额度，超出免费额度将进行收费，详情请看 <a href='https://cloud.tencent.com/document/product/876/18864'><font color='#dddddd'>计费规则</font></a>，所产生的费用将从您的<a href='https://service.cocos.com/console/#/surplus'> <font color='#DDDDDD'> Cocos 账户余额 </font></a>代扣。",
			"service_protocol": "游戏首次开启该服务时，Cocos会后台通知服务方为游戏开通服务并初始化参数，服务方根据需要可能会获取您的Cocos账户信息，包括账户基本资料、游戏基本资料、账户余额等，点击确认开通按钮即视为您同意该服务访问您的账户信息，详见<a href='https://download.cocos.com/CocosUdc/agreement/Cocos_User_Service_Agreement_cn_20200904.html'>《Cocos用户服务协议》</a>和<a href='https://download.cocos.com/CocosUdc/agreement/Cocos_Privacy_Policy_cn_20200904.html'>《Cocos隐私政策》</a>",
			"service_group": "",
			"service_group_id": "",
			"not_service": false
		}
	],
	"game": {
		"name": "未知游戏",
		"appid": "UNKNOW"
	}
}