{
  "version": "1.1.1",
  "windows": {
    "worker": {},
    "main": {
      "main": true,
      "url": "app://editor/index.html",
      "windowType": "dockable",
      "x": -8,
      "y": -8,
      "width": 1936,
      "height": 1056,
      "layout": {
        "children": [
          {
            "children": [
              {
                "active": 0,
                "children": [
                  "hierarchy"
                ],
                "height": 468,
                "type": "panel",
                "width": 385
              },
              {
                "active": 0,
                "children": [
                  "assets"
                ],
                "height": 467,
                "type": "panel",
                "width": 385
              }
            ],
            "height": 937,
            "type": "dock-v",
            "width": 385
          },
          {
            "children": [
              {
                "children": [
                  {
                    "active": 0,
                    "children": [
                      "scene"
                    ],
                    "height": 463,
                    "type": "panel",
                    "width": 660
                  },
                  {
                    "active": 0,
                    "children": [
                      "node-library"
                    ],
                    "height": 463,
                    "type": "panel",
                    "width": 294
                  }
                ],
                "height": 463,
                "type": "dock-h",
                "width": 956
              },
              {
                "active": 0,
                "children": [
                  "console",
                  "timeline",
                  "game-window"
                ],
                "height": 472,
                "type": "panel",
                "width": 956
              }
            ],
            "height": 937,
            "type": "dock-v",
            "width": 956
          },
          {
            "active": 0,
            "children": [
              "inspector",
              "cocos-services"
            ],
            "height": 937,
            "type": "panel",
            "width": 575
          }
        ],
        "type": "dock-h"
      },
      "panels": [
        "hierarchy",
        "assets",
        "node-library",
        "console",
        "timeline",
        "game-window",
        "inspector",
        "cocos-services",
        "scene"
      ]
    }
  },
  "panels": {}
}